ISBN,bookTitle,bookAuthor
0002005018,Clara Callan,Richard Bruce Wright
0060168013,Pigs in Heaven,Barbara Kingsolver
0060013117,Night Watch,Terry Pratchett
0060173289,Divine Secrets of the Ya-Ya Sisterhood : A Novel,Rebecca Wells
0020442408,Prince Caspian,C. S. Lewis
006017143X,The Night Listener,Armistead Maupin
0060083298,The Dominant Blonde,Alisa Kwitney
000649840X,Angelas Ashes,Frank Mccourt
0020518609,Short Stories of Ernest Hemingway (A Scribner classic),Ernest Hemingway
0060175400,The Poisonwood Bible,Barbara Kingsolver
0006550789,253,Geoff Ryman
0060002492,Amazonia,James Rollins
0060182792,Anam Cara : A Book of Celtic Wisdom,John O'Donohue
0060175532,Young Wives,Olivia Goldsmith
0060167084,"Making History: The Struggle for Gay and Lesbian Equal Rights, 1945-1990 : An Oral History",Eric Marcus
0030020786,Principles of Instrumental Analysis,Douglas A. Skoog
0060009241,See Jane Score (Avon Romance),Rachel Gibson
0060001453,Love With the Proper Husband (Avon Historical Romance),Victoria Alexander
0060002050,On a Wicked Dawn (Cynster Novels),Stephanie Laurens
0060001445,"Her Highness, My Wife",Victoria Alexander
0020532105,CRY THE BELOVED COUNTRY (Scribner Classic),Alan Paton
0060175966,The Professor and the Madman,Simon Winchester
0020442602,Voyage of the Dawn Treader,C. S. Lewis
0007154615,Unless : A Novel,Carol Shields
0020519001,A Farewell to Arms (A Scribner Classic),Ernest Hemingway
0060092645,My Favorite Bride,Christina Dodd
0060183527,Our Kind of People: Inside America's Black Upper Class,Lawrence Otis Graham
0060011912,Small Town,Lawrence Block
0060092963,Adventures of a Scottish Heiress,Cathy Maxwell
002026478X,AGE OF INNOCENCE (MOVIE TIE-IN),Edith Wharton
002542730X,Politically Correct Bedtime Stories: Modern Tales for Our Life and Times,James Finn Garner
0020427859,"Over Sea, Under Stone",Susan Cooper
0060009225,Call Each River Jordan,Owen Parry
0043510744,Metamorphosis,David Suzuki
0060008776,Pagan Babies,Elmore Leonard
006000438X,The Death of Vishnu: A Novel,Manil Suri
0028625757,The Complete Illustrated Guide to Everything Sold in Hardware Stores,Steve Ettlinger
0060086246,Last Chance Saloon,Marian Keyes
0028604032,The New York Public Library Science Desk Reference (The New York Public Library Series),Patricia Barnes-Svarney
0060083956,Mr. Paradise:  A Novel,Elmore Leonard
0060005556,"Last to Die (Grippando, James)",James Grippando
0020418809,CADDIE WOODLAWN,Carol Ryrie Brink
0007110928,Billy,Pamela Stephenson
0044402449,Immortal Blood,Barbara Hambly
0028617363,The Complete Idiot's Guide to Chess,Patrick Wolff
006000469X,"Engaged to Die : A Death on Demand Mystery (Hart, Carolyn G)",Carolyn Hart
006001203X,Dr. Atkins' New Diet Revolution,Robert C. Atkins
006000780X,Boy Still Missing : A Novel,John Searles
0060083948,Tishomingo Blues,Elmore Leonard
0060009640,Crush Depth,Joe Buff
0060092165,Two Cooks A-Killing : An Angie Amalfi Mystery,Joanne Pence
0060090375,Lucy Sullivan Is Getting Married,Marian Keyes
006016848X,"Men Are from Mars, Women Are from Venus: A Practical Guide for Improving Communication and Getting What You Want in Your Relationships",John Gray
0020198817,The GREAT GATSBY (A Scribner Classic),F. Scott Fitzgerald
0060159081,Oscar and Lucinda,Peter Carey
0006280803,Kundun,Mary Craig
0007106572,Guilty Creatures,Sue Welfare
0060089296,Kiss Lonely Goodbye,Lynn Emery
0060176563,Rebel: The Life and Legend of James Dean,Donald Spoto
0060175680,Switcheroo,Olivia Goldsmith
0020442203,"Lion, the Witch and the Wardrobe",C.S. Lewis
0020474105,ELEMENTS OF EDITING,Arthur Plotnik
0020154402,Elements of Grammar,Margaret Shertzer
0024182001,Elements of Style 3ED,William Jr. Strunk
0060163747,Return to Love: Reflections on the Principles of a Course in Miracles,Marianne Williamson
0006551076,Ocean In Iowa,Peter Hedges
0030423910,Circus ABC,Paulita Sedgwick
0006547834,Miss Smillas Feeling for Snow,Peter Hoeg
0006485936,Dust,Arthur G. Slade
0020198906,Joshua,Joseph F Girzone
0030448565,Doonesbury's Greatest Hits,G. B. Trudeau
0020199600,GREAT GATSBY (REISSUE),F. Scott Fitzgerald
0006550576,Red Leaves,Paullina Simons
0060175796,The Bean Trees Anniversary Edition : A Novel,Barbara Kingsolver
0060084405,Bread Alone : A Novel,Judith R. Hendricks
0060012331,The Amazing Maurice and His Educated Rodents,Terry Pratchett
0006742939,The Weirdstone of Brisingamen,Alan Garner
0001047973,Brave New World,Aldous Huxley
0060173211,Don't Pee on My Leg and Tell Me It's Raining: America's Toughest Family Court Judge Speaks Out,Judy Sheindlin
0020519605,A Moveable Feast (Scribner Classic),Ernest Hemingway
006009527X,Fire Lover: A True Story,Joseph Wambaugh
0028604199,Once upon a More Enlightened Time: More Politically Correct Bedtime Stories,James Finn Garner
0060154969,"Love, Medicine, and Miracles",Bernard S. Siegel
0006143199,SNOW TIGER,Bagley Desmond
0060008865,Do No Harm,Gregg Hurwitz
0060177888,All I Know About Animal Behavior I Learned in Loehmann's Dressing Room,Erma Bombeck
0028613228,The New York Public Library American History Desk Reference (New York Public Library Series),Frommer
0060005424,Lirael: Daughter of the Clayr,Garth Nix
0060008369,The Shadows of Power,James W. Huston
0060094397,Dale Brown's Dreamland: Razor's Edge (Dreamland (Harper Paperback)),Dale Brown
0028617274,The Tea Companion,Jane Pettigrew
0060083263,"Sleeping Beauty (Margolin, Phillip)",Phillip Margolin
0060164662,"28 Barbary Lane : A \Tales of the City\"" Omnibus""",Armistead Maupin
0060085444,She Went All the Way (Avon Light Contemporary Romances),Meggin Cabot
0007119860,The Colour of Heaven,James Runcie
0020960808,The Natural Superiority of Women,Ashley Montagu
0030632366,Outrageous Acts and Everyday Rebellions,Gloria Steinem
0020869002,Perelandra,C.S. Lewis
0060096195,The Boy Next Door,Meggin Cabot
0060097469,Dancing in My Nuddy-Pants : Even Further Confessions of Georgia Nicolson (Confessions of Georgia Nicolson),Louise Rennison
0060084456,Chasing Rumi: A Fable About Finding the Heart's True Desire,Roger Housden
0060090367,Watermelon,Marian Keyes
0060185287,Flight Lessons,Patricia Gaffney
0060173084,Ten Stupid Things Men Do to Mess Up Their Lives,Laura C. Schlessinger
0006548180,Cat among the pigeons: A Catholic miscellany,Alice Thomas Ellis
0060171928,Mutant Message Down Under,Marlo Morgan
0060174900,The Bell Jar (Perennial Classics),Sylvia Plath
0020199856,LOVE OF THE LAST TYCOON,F. Scott Fitzgerald
0006385370,Freedom's Just Another Word,Dakota Hamilton
0006480608,The Piano Man's Daughter,Timothy Findley
0002244098,Dust to dust: Stories,Timothy Findley
0027582000,"The Lion, the Witch and the Wardrobe",C. S. Lewis
0020223722,HOW GREEN WAS MY VALLEY,Richard Llewellyn
0028610105,How to Cook Everything: Simple Recipes for Great Food,Mark  Bittman
0024103411,Food for Fifty,Grace Shugart
0020446500,Z for Zachariah,Robert C. O'Brien
0060167688,After All These Years,Susan Isaacs
0002712172,The Death of the Body,C.K. Stead
0060093595,The Conquest,Yxta Maya Murray
0060002433,Sons of Heaven: A Novel,Terrence Cheng
0060090383,Rachel's Holiday,Marian Keyes
0060081961,Once Upon a Town: The Miracle of the North Platte Canteen,Bob Greene
0060086386,Filthy Rich,Dorothy Samuels
0020631502,The MacMillan Book of Organic Gardening,Marie-Luise Kreuter
0060097825,Zoya's Story: An Afghan Woman's Struggle for Freedom,John Follain
0020868308,"Mere Christianity: A revised and enlarged edition, with a new introduction, of the three books, The case for Christianity, Christian behaviour, and Beyond personality",C. S Lewis
0006386369,Flowers on My Grave: How an Ojibwa Boy's Death Helped Break the Silence on Child Abuse,Ruth Teichroeb
0060183136,Wouldn't It Be Nice?: My Own Story,Brian Wilson
0060185147,Courting Trouble,Lisa Scottoline
0060139145,"The Gulag Archipelago, 1918-1956 : An Experiment in Literary Investigation I-II",Alexander Solzhenitsyn
0060080841,The Stepford Wives,Ira Levin
0020412401,LITTLE WOMEN,Louisa May Alcott
0002550563,Black &amp; White Cats,J.C. Suares
0060171626,What Your Mother Couldn't Tell You and Your Father Didn't Know: Advanced Relationship Skills for Better Communication and Lasting Intimacy,John Gray
0028604202,Politically Correct Holiday Stories: For an Enlightened Yuletide Season,James Finn Garner
0020518706,The Sun Also Rises (A Scribner classic),Ernest Hemingway
0060175184,The Fourth Estate,Jeffrey Archer
0060098538,Black Silk (Avon Romance),Judith Ivory
0060153016,A Creed for the Third Millennium,Colleen McCullough
0028702506,Schirmer Pronouncing Pocket Manual of Musical Terms,"Theodore, Ed. Baker"
0020868901,GREAT DIVORCE,C.S. Lewis
0020442300,The Magician's Nephew,C. S. Lewis
0028630092,Betty Crocker's New Cookbook,Betty Crocker
0025196359,BARBARA BUSH : A Memoir,Barbara Bush
0060169613,365 Ways to Cook Chinese,Rosa Ross
0060096209,A Little Help from Above,Saralee Rosenberg
0020442106,The Last Battle (The Chronicles of Narnia Book 7),C. S. Lewis
0027701301,Hatchet,Gary Paulsen
0020442009,Horse and His Boy,C. S. Lewis
0060085894,Frida : A Biography of Frida Kahlo,Hayden Herrera
0060085452,Boy Meets Girl,Meg Cabot
006018311X,"When You Look Like Your Passport Photo, It's Time to Go Home",Erma Bombeck
0060154462,The Affordable baby: A complete consumer guide to costs and comparisons for parents-to-be,Darcie Bundy
002322410X,"Plato : Euthyphro, Apology, Crito",F. J. Church
0007141076,Unless: A Novel,Carol Shields
0060159383,A Thief of Time: A Novel (Harper Novel of Suspense),Tony Hillerman
0002251760,The Forgetting Room: A Fiction (Byzantium Book),Nick Bantock
0006550924,Seven Years In Tibet,Heinrich Harrer
0020125607,"More Sniglets: Any Word That Doesn't Appear in the Dictionary, but Should",Rich Hall
0020125305,"Sniglets (Snig'lit : Any Word That Doesn't Appear in the Dictionary, But Should)",Rich Hall
0060182563,Underboss: Sammy the Bull Gravano's Story of Life in the Mafia,Peter Maas
006018518X,"Cemetery Stories : Haunted Graveyards, Embalming Secrets, and the Life of a Corpse After Death",Katherine Ramsland
0028615883,"Vegetarian Times Low-Fat &amp; Fast : 150 Easy Meatless Recipes  (Vegetarian Times , No 1)",Maimonides
0044422857,Great Interviews of the Twentieth Century (A Susan Haynes Book),John Clarke
0006177492,Home Run,Gerald Seymour
0060176709,The Little House: A Novel,Philippa Gregory
000716226X,The Bride Stripped Bare : A Novel,Nikki Gemmell
0060160713,The Broken Cord: A Family's Ongoing Struggle With Fetal Alcohol Syndrome,Michael Dorris
0006547613,Involved,Kate Oriordan
0060177349,Star Trek Memories,William Shatner
0020518501,For Whome the Bell Tolls  (REISSUE) (A Scribner Classic),Ernest Hemingway
0060099453,"Merry Christmas, Amelia Bedelia (I Can Read Book 2)",Peggy Parish
006017949X,Sacrament,Clive Barker
0060157577,Heartstones (Harper Short Novel Series),Ruth Rendell
003061368X,The Sunne in Splendour,Sharon Kay Penman
0060162767,The Great and Secret Show: The First Book of the Art,Clive Barker
0023018909,Masterpieces of the drama,Alexander W Allison
0002551675,Coppola and Eiko on Bram Stoker's Dracula,Francis Ford Coppola
0060165936,Dracula Unbound,Brian Wilson Aldiss
0024181900,"The Elements of Style, Third Edition",William Strunk Jr.
0020442505,The Silver Chair,C. S. Lewis
0029059801,Finite and Infinite Games,James P. Carse
006000925X,Daisy's Back in Town,Rachel Gibson
0060008032,Angels,Marian Keyes
0020419805,Helen Keller: From Tragedy to Triumph (The Childhood of Famous Americans Series),Katharine Wilkie
0060169036,The Chocolate Cookbook (Little Kitchen Collection),Patricia Lousada
006000150X,Diary of a Worm,Doreen Cronin
0060176784,Saying Grace: A Novel,Beth Gutcheon
003071091X,What Do Doozers Do?,Michaela Muntean
0060164719,John Train's Most Remarkable Occurrences,John Train
002517990X,Dog days at the White House: The outrageous memoirs of the Presidential kennel keeper,Traphes Bryant
0020280505,HOW TO STAY ALIVE IN THE WOODS,Bradford Angier
0060177861,Your Sacred Self,Wayne W. Dyer
0060178213,Bouncing Back: I'Ve Survived Everything...and I Mean Everything...and You Can Too!,Joan Rivers
0060176172,Star Trek Movie Memories,William Shatner
0060157119,"Mother Angelica's Answers, Not Promises: Straightforward Solutions to Life's Puzzling Problems",M. Angelica
006017613X,"Nora, Nora: A Novel",Anne Rivers Siddons
0060183772,A God in Ruins,Leon Uris
0006729835,The Callender Papers,Cynthia Voight
0006157629,4:50 From Paddington,Agatha Christie
0030604176,The official I hate love book,Skip Morrow
0060163879,Thicker Than Water,Bruce Zimmerman
0060175702,Empress of the Splendid Season,Oscar Hijuelos
0060161701,"I Want to Grow Hair, I Want to Grow Up, I Want to Go to Boise: Children Surviving Cancer",Erma Bombeck
0028636406,The Complete Idiot's Guide(R) to Scrapbooking,Wendy Smedley
0060168382,"Eat More, Weigh Less: Dr. Dean Ornish's Life Choice Program for Losing Weight Safely While Eating Abundantly","Dean, M.D. Ornish"
0060175818,The First Eagle,Tony Hillerman
0060179449,Twelve Red Herrings,Jeffrey Archer
0060092149,Married to the Viscount,Sabrina Jeffries
0028604458,The Love Book,Robert Rosenheck
0060007575,"In Sunlight, in a Beautiful Garden : A Novel",Kathleen Cambor
0060184957,"Pride, Prejudice and Jasmin Field : A Novel",Melissa Nathan
0028603958,Betty Crocker's New Cookbook: Everything You Need to Know to Cook (8th ed),Betty Crocker
0027912906,Harry and Shellburt (Ready-to-Read),Dorothy Van Woerkom
0060177632,Stitches in Time,Barbara Michaels
0060086661,Lily Dale: The True Story of the Town that talks to the Dead,Christine Wicker
0060161582,The Lost Continent: Travels in Small Town America,Bill Bryson
0060176733,The Distinguished Guest,Sue Miller
0060002077,A Gentleman's Honor,Stephanie Laurens
0028636589,Complete Idiot's Guide to Fitness,Claire Walter
0060172916,High Tide in Tucson: Essays from Now or Never,Barbara Kingsolver
0060001941,A Tree Grows in Brooklyn,Betty Smith
0006375952,City of Djinns,William Dalrymple
0060183349,Under Fire: An American Story,Oliver L. North
0060175605,Words I Wish I Wrote: A Collection of Writing That Inspired My Ideas,Robert Fulghum
0060114991,I'm Dancing As Fast As I Can,Barbara Gordon
0020225601,ARTHUR LUMIANSKIS LE MORTE D ARTHUR,Thomas Malory
006017546X,Mrs. Chippy's Last Expedition: The Remarkable Journal of Shackleton's Polar-Bound Cat,Caroline Alexander
0060011939,Veronika Decide Morir,Paulo Coelho
0060012897,Sheltering Rain,Jojo Moyes
0020442807,The Chronicles of Narnia Set,C. S. Lewis
0028604105,How to Solve a Murder: The Forensic Handbook,Michael Kurland
0060176075,Lily White,Susan Isaacs
0028632613,The Complete Idiot's Guide to Middle East Conflict,Mitchell Bard
0060163976,Family Pictures: A Novel,Sue Miller
0060165987,Slow Hand: Women Writing Erotica,Michele Slung
0026888130,Why Does It Thunder and Lightning? (A Just Ask Book),Chris Arvetis
0060099526,Quilting the Black-Eyed Pea: Poems and Not Quite Poems,Nikki Giovanni
0030850746,The Bluest Eye: A Novel,Toni Morrison
0028621697,The New York Public Library Desk Reference,Macmillan Publishing
003001512X,Discovering Ideas: An Anthology for Writers,Jean Wyrick
0029079705,Intercourse,Andrea Dworkin
0030975891,Sociology: Study of Human Relationships,Thomas
0030115078,"Encyclopedia and dictionary of medicine, nursing, and allied health",Benjamin Frank Miller
0023401354,"Community of Voices, A: Reading and Writing in the Disciplines",Toby Fulwiler
0020698461,BEST AMERICAN POETRY 1993,Louise Gluck
0006548539,Legends of the Fall,Jim Harrison
000611962X,The Guns of Navarone,Alistair Maclean
0060094818,Divine Secrets of the Ya-Ya Sisterhood: A Novel,Rebecca Wells
0025226207,"Cassell's French Dictionary : French-English, English-French",Denis  Girard
0002163713,"Cary Grant, haunted idol",Geoffrey Wansell
0006370829,Just Williams: An Autobiography,Kenneth Williams
0001047213,The Fighting Man,Gerald Seymour
0002253372,A good woman,Lisa Appignanesi
0002241358,Cocaine nights,J. G Ballard
0020332858,Laurence Olivier,Anthony Holden
0002252376,Of wee sweetie mice and men,Colin Bateman
0001048082,Made in America,Bill Bryson
0007114788,One for My Baby,Tony Parsons
0006156487,Saturday City,Jan Webster
0001046438,Liar,Stephen Fry
0020820445,With Fire and Sword,Henryk Sienkiewicz
000104687X,"T.S. Eliot Reading \The Wasteland\"" and Other Poems""",T.S. Eliot
0006380964,Survivor's Song,Mark Owens
0060170085,Death in a Strange Country,Donna Leon
0060168412,365 Ways to Cook Fish and Shellfish,Charles Pierce
0046410430,Vitamins and Your Health,Ann Gildroy
0007144350,Collins Complete Works of Oscar Wilde (Collins Classics S.),Oscar Wilde
0006548830,Information,Martin Amis
0029640407,Berlitz Greek for Travellers,Berlitz Publishing
0029690803,Berlitz Travel Guide to Corfu (Berlitz Travel Guide),Berlitz Travel Guide
0060007761,The Gulag Archipelago: 1918-1956,Aleksandr I. Solzhenitsyn
0060103132,Piaf;: A biography,Simone Berteaut
0029692407,Ibiza Travel Guide,Berlitz Publishing Company
0029693306,Madeira (Berlitz Travel Guide),Berlitz Travel Guide
0004704754,Complete Works of William Shakespeare,William Shakespeare
0060164115,Still Among the Living,Zachary Klein
0060173076,"How Could You Do That: The Abdication of Character, Courage, and Conscience",Laura Schlessinger
0060086629,"Barracuda 945 (Robinson, Patrick)",Patrick Robinson
0060177500,Small Gods: A Novel of Discworld,Terry Pratchett
0028640071,Complete Idiot's Guide to Urban Legends,Brandon Toropov
0030119197,The Trobrianders of Papua New Guinea (Case Studies in Cultural Anthropology),Annette  B. Weiner
0060083972,"When the Women Come Out to Dance : Stories (Leonard, Elmore)",Elmore Leonard
0020306652,Ball Four,Jim  Bouton
0060179384,Violent Ward,Len Deighton
0060183225,A Marriage Made in Heaven... or Too Tired for an Affair,Erma Bombeck
006009348X,Do Not Disturb (Avon Romance),Christie Ridgway
0060008784,Exit Strategies,Catherine Todd
0002116286,There's A Seal in my Sleeping Bag,Lyn Hancock
002047430X,The Elements of Editing: A Modern Guide for Editors and Journalists (Elements of Series),Arthur Plotnik
0030899788,"Yanomamo, the Fierce People (American Problem Studies)",Napoleon A. Chagnon
0030899915,Comparative cultural analysis: An introduction to anthropology,Keith F Otterbein
0030384427,A Book of Short Stories 1 (Perspectives in literature),Holt
0004701674,Collins Gem Sas Survival Guide (Collins Gem),John Wiseman
0060092971,The Seduction of an English Lady,Cathy Maxwell
0060084707,A Scandalous Lady,Rachelle Morgan
006000181X,With Her Last Breath,Cait London
0030437113,"Upper New England, a guide to the inns of Maine, New Hampshire, and Vermont (Country inns of America)",Peter Andrews
0004334787,"Collins-Robert French-English, English-French Dictionary",B. T. S. Atkins
0025430807,Arthur Rackham,Fred Gettings
0039282783,The Miraculous Hind: A Hungarian Legend,Elizabeth Cleaver
0030859670,The Israelis;: Founders and sons,Amos Elon
0030003474,How to Win at Trivial Pursuit: And Other Knowledge Games,Robert Heller
0002006588,Vancouver,David Cruise
006008460X,Cheaper by the Dozen (Perennial Classics),Frank B. Gilbreth
0060083425,Absolute Zero,Chuck Logan
0007100930,Good Intentions,Agnes Desarthe
0060176083,"Red, White and Blue",Susan Isaacs
0060176164,Low Country: A Novel,Anne Rivers Siddons
0002558122,Angelas Ashes,Frank Mccourt
0060007788,Finding Fish: A Memoir,Antwone Q. Fisher
000104799X,Monk's-hood,Ellis Peters
0002223929,Men on white horses,Pamela Haines
0006176992,Tea at Gunter's,Pamela Haines
0048230871,"The Lord of the rings,",J. R. R Tolkien
0048233862,"The hobbit, or, There and back again",J. R. R Tolkien
0060165529,Maybe the Moon: A Novel,Armistead Maupin
0060002069,The Lady Chosen,Stephanie Laurens
0060185074,The Vendetta Defense,Lisa Scottoline
0060092130,Dance of Seduction (Avon Romantic Treasures),Sabrina Jeffries
0060164190,Holy Terror: Andy Warhol Close Up,Bob Colacello
0060014040,My Stroke of Luck,Kirk Douglas
002040400X,Unexplained Sniglets of the Universe,Rich Hall
0006512062,Trials of Tiffany Trott,Isabel Wolff
0006543545,The bookshop,Penelope Fitzgerald
000712032X,Rumi: Hidden Music,Maryam Mafi
0020931808,Einstein's Space and Van Gogh's Sky: Physical Reality and Beyond,Lawrence Leshan
0002553384,The Best of Rock: The Essential Cd Guide (The Essential CD Guides),Alan Clayson
002054720X,WALDEN AND ON THE DUTY OF CIVIL DISOBEDIENCE,Henry David Thoreau
006001315X,"Monstrous Regiment (Pratchett, Terry)",Terry Pratchett
0060007834,Unnatural Fire : A Countess Ashby de la Zouche Mystery (Countess Ashby de La Zouche Mysteries),Fidelis Morgan
0060175699,A Simple Habana Melody : (from when the world was good),Oscar Hijuelos
0007128568,Calypso Dreaming,Charles Butler
0060012366,The Wee Free Men (Bccb Blue Ribbon Fiction Books (Awards)),Terry Pratchett
006000942X,How to Read Literature Like a Professor : A Lively and Entertaining Guide to Reading Between the Lines,Thomas C. Foster
0060008490,Death in Dublin: A Novel of Suspense (Peter McGarr Mysteries (Hardcover)),Bartholomew Gill
0060166932,Lost Boys,Orson Scott Card
0060013974,"Waterloo Station : A Novel (Grayson, Emily)",Emily Grayson
0060088575,Solitaire,Kelley Eskridge
0020633505,The New Age Herbalist: How to Use Herbs for Healing Nutrition Body Care and Relaxation,Richard Mbey
0002239183,Affliction,Fay Weldon
0006546684,Postcards,E Annie Proulx
0060089539,Glitz,Elmore Leonard
0006485200,The Piano Man's Daughter,Timothy Findley
0060185082,Wild Cats &amp; Colleens: A Novel,Morag Prunty
0028641701,The Complete Idiot's Guide to Understanding Buddhism,Gary Gach
0060014156,"Augusta, Gone: A True Story",Martha Tod Dudman
0060009012,The Lost Son: A Life in Pursuit of Justice,Bernard B. Kerik
0020545304,SHILLING FOR CANDLES,Josephine Tey
0060175907,Aphrodite: A Memoir of the Senses,Isabel Allende
0060083255,Ties That Bind: A Novel,Phillip Margolin
0060092661,One Kiss From You,Christina Dodd
0020811853,POSTCARDS,E. Annie Proulx
0002726874,Quartered Safe Out Here: A Recollection of the War in Burma,George MacDonald Fraser
0002316196,Curtain: Poirot's last case,Agatha Christie
000223257X,The Family Mashber,Der Nister
0006178316,Flights,Jim Shepard
006011195X,Careful He Might Hear You,Sumner Locke Elliot
0006754864,Flying High (Angels Unlimited S.),Annie Dalton
002036041X,Natural Pharmacy,Miriam Polunin
0006166598,A Kind of Anger,Eric Ambler
0060183683,Dead in the Water: A Novel,Stuart Woods
0020449313,The Yearling (Scribner Classics),Marjorie Kinnan Rawlings
002089130X,On Death &amp; Dying,Kubler Elisabeth Ross
0020434901,"M. C. Higgins, the Great",Virginia Hamilton
0060159790,Shining Through,Susan Isaacs
0020415133,Wolf Rider,Avi
0060172096,The Re-Enchantment of Everyday Life,Thomas Moore
0028631188,"Webster's New World College Dictionary, Indexed Fourth Edition",Michael E.  Agnes
0060172940,365 All-American Favorites,Sarah Reynolds
0060182369,Come to Me: Stories,Amy Bloom
0060001801,When Night Falls,Cait London
0060082070,Mortal Engines (The Hungry City Chronicles),Philip Reeve
0060012358,The Amazing Maurice and His Educated Rodents,Terry Pratchett
0030119537,A Glossary of Literary Terms,Michael H. Abrams
0028608437,Selling Out: If Famous Authors Wrote Advertising,Joey Green
0028639456,Complete Idiot's Guide to Wicca and Witchcraft,Denise Zimmermann
0006490603,James Cameron's Titanic,James Cameron
0060007192,Lemony Snicket: The Unauthorized Autobiography,Lemony Snicket
0007122039,"\Girls' Night Out\""/\""Boys' Night In\""""",Chris Manby
002411510X,Walden Two (Trade Book),B. F. Skinner
0060166789,Real Magic: Creating Miracles in Everyday Life,"Wayne W., Dr. Dyer"
0060169435,Hank &amp; Chloe,Jo-Ann Mapson
0004722124,Jane's Aircraft Recognition Guide (Jane's Aircraft Recognition Guide),David Rendall
0060176806,Love in Another Town,Barbara Taylor Bradford
0060160772,"Peace, Love and Healing: Bodymind Communication and the Path to Self-Healing : An Exploration","Bernie S., M.D. Siegel"
0060099089,Among the Heroes: United Flight 93 and the Passengers and Crew Who Fought Back,Jere Longman
0020518307,The Snows of Kilimanjaro and Other Stories (A Scribner classic),Ernest Hemingway
0030491266,Poetry of Robert Frost,Robert Frost
0060092653,Scandalous Again,Christina Dodd
0002255081,Spadework,Timothy Findley
0020303750,Jerry Baker's Flowering Garden,Jerry Baker
0060176059,Tales of Burning Love,Louise Erdrich
0060093463,Murder in Paradise: A Christmas in Hawaii Turns to Tragedy,Chris Loos
0060012781,A Cook's Tour : Global Adventures in Extreme Cuisines,Anthony Bourdain
0026217457,Vegetarian Times Complete Cookbook,Lucy  Moll
006009351X,Nostradamus: Prophecies for America,David Ovason
0002005050,The Romantic,Barbara Gowdy
0030595916,The Weather Works,Mike Wilks
0030073189,The Goblins of Labyrinth,Brian Froud
0060169087,When Did Wild Poodles Roam the Earth?: An Imponderables Book,David Feldman
0030056276,Check Your Egos at the Door (A Doonesbury book),Garry Trudeau
0006512801,Prospero's Children,Jan Siegel
0060164239,Coyote Waits,Tony Hillerman
000651202X,A Small Death in Lisbon,Robert Wilson
0020518803,To Have and Have Not (A Scribner Classic),Earnest Heminway
0002554119,"Labyrinth of Desire: Women, Passion, and Romantic Obsession",Rosemary Sullivan
0020869606,That Hideous Strength (A Modern Fairy-Tale for Grownups),C.S. Lewis
0020869509,Perelandra (Space Trilogy (Paperback)),C.S. Lewis
0020427107,White Mountains,John Christopher
0030448514,Doonesbury's greatest hits,G. B Trudeau
0030583497,Chemistry &amp; Chemical Reactivity (With Booklet for Students : How to Study Chemistry),John Kotz
0060169443,Blue Rodeo: A Novel,Jo-Ann Mapson
0025439472,The Shepherd,Joseph F. Girzone
0025439456,JOSHUA AND THE CHILDREN,Joseph F. Girzone
0007105150,The Real Witches Handbook,Kate West
0028619498,The Complete Idiot's Guide to Yoga (Complete Idiot's Guide to...),Joan Budilovsky
000470973X,Dogs Photo Guide (Collins Gem),Jane Edie
0004709721,Cats Photo Guide (Collins Gem),Deborah Gill
0025225804,"Cassell's Latin Dictionary : Latin-English, English-Latin",D. P.  Simpson
0028629558,The Complete Idiot's Guide to Managing Stress (2nd Edition),Jeffrey P. Davidson
000648302X,Before and After,Matthew Thomas
0028612787,The Complete Idiot's Guide to Living With a Cat (Complete Idiot's Guide),Carolyn Janik
006017773X,The Fallen Man,Tony Hillerman
0060094095,"Air Battle Force (Brown, Dale)",Dale Brown
0026638959,Human Heritage,Miriam S. Greenblatt
0027617319,Macmillan First Dictionary,Judith S. Levey
0060006617,A Perfect Bride,Samantha James
0060092181,The Highland Rogues: Warrior Bride (Highland Rogues),Lois Greiman
0060167149,"Rituals for Our Times: Celebrating, Healing, and Changing Our Lives and Our Relationships",Evan Imber-Black
0060004428,The Death Artist,Jonathan Santlofer
003014051X,Loveroot,Erica Jong
0060013125,Night Watch,Terry Pratchett
006018485X,Betty Sweet Tells All,Judith Minthorn Stacy
0020383142,Old New York,Edith Wharton
0060170387,Fever: Sensual Stories by Women Writers,Michele Slung
0044409494,Hollywoodn't: A Queer Postcard Book,Laurence Jaugey-Paget
0006363121,The Picnic and Suchlike Pandemonium,Gerald Durrell
0060090642,Birth of the Chess Queen : A History,Marilyn Yalom
0060097973,"Bell, Book, and Scandal : A Jane Jeffry Mystery (Jane Jeffry Mysteries (Hardcover))",Jill Churchill
006000584X,Bannerman's Ghosts,John R. Maxim
003057708X,The Official I Hate Cats Book,Skip. Morrow
0028650875,CIG to Managing People,Macmillan Publishing
0060161507,Pancakes and Waffles,Elizabeth Alston
0060005521,Nicola and the Viscount (An Avon True Romance),Meg Cabot
006000553X,Victoria and the Rogue (An Avon True Romance),Meg Cabot
0006492347,Insights from the Outfield (Peanuts at Work &amp; Play),Charles Schulz
0020264763,AGE OF INNOCENCE,Edith Wharton
0060011904,"Small Town : A Novel (Block, Lawrence)",Lawrence Block
0060013508,Gunsights,Elmore Leonard
0030127440,Crime and criminology,Sue Titus Reid
0028603702,The High-Performance Cookbook: 150 High-Carb Recipes for Peak Performance,Susan M. Kleiner
0007117507,Lillian Too's Smart Feng Shui for the Home,Lillian Too
0007110200,Way of Nlp (Thorsons Way of),Joseph O'Connor
0002158973,Landscape and Memory,Simon Schama
0044422776,The Case of the Chinese Boxes (Allen &amp; Unwin Original Fiction),Marele Day
0060179791,For Love,Sue Miller
002086910X,OUT OF THE SILENT PLANET,C.S. Lewis
0060184868,The Fountain: A Novel,Emily Grayson
0020517505,What is It Then Between Us?: Stories (Collier Fiction),Ehud Havazelet
0060004746,"Murder Walks the Plank : A Death on Demand Mystery (Hart, Carolyn G)",Carolyn Hart
0029160030,TOUCHED WITH FIRE,Kay redfield Jamison
006018390X,Murder on the Gravy Train,Phyllis Richman
0007154607,Colors Insulting to Nature : A Novel,Cintra Wilson
0060005726,Play Poker Like the Pros,Phil Hellmuth Jr.
0006551971,Swimmer,Bill Broady
0006472648,Child of the Phoenix,Barbara Erskine
0060013133,"Going Postal : A Novel of Discworld (Pratchett, Terry)",Terry Pratchett
0030206812,An Especially Tricky People (Doonesbury Book),G. B. Trudeau
0030448611,"\Any Grooming Hints for Your Fans, Rollie?\"" (A Doonesbury book)""","G. B., Trudeau"
0030615224,"Ask for May, Settle for June",G. B. Trudeau
0060128070,The file on the Tsar,Anthony Summers
0060177721,Finding Moon,Tony Hillerman
0060162481,King's Oak,Anne Rivers Siddons
002411510x,Walden Two (Trade Book),B. F. Skinner
0060179872,Marilyn Monroe: The Biography,Donald Spoto
0006512208,Lion Time Collected Stories 6,Robert Silverberg
0060090251,Founding Mothers: The Women Who Raised Our Nation,Cokie Roberts
006017630X,Free to Trade: A Novel of Suspense,Michael Ridpath
0028615972,The Complete Idiot's Guide to Getting Along with Difficult People,Brandon Toropov
0020452705,CALL IT COURAGE,Armstrong Sperry
0060156732,The Search for Signs of Intelligent Life in the Universe,Jane Wagner
0030045592,Mokey's birthday present,Ellen Weiss
0030420210,Scaredy Bear (Sweet Pickles Series),Jacquelyn Reinach
0030155665,Chanukah,Howard Greenfeld
0060113375,Judy,Gerold Frank
0025386700,"Scarlett, Rhett, and a cast of thousands: The filming of Gone with the wind",Roland Flamini
006017322X,To Kill a Mockingbird,Harper Lee
0002190915,Life on earth: A natural history,David Attenborough
0060155515,The Good Mother,Sue Miller
0029298652,ABORTIONIST,Rickie Solinger
0006547753,The Age of Kali,William Dalrymple
0007110227,Way of Wicca,Vivianne Crowley
0004588177,Night Sky (Collins Gem),Harper Collins
0030095344,The curious affair of the third dog (An Inspector Henry Tibbett mystery),Patricia Moyes
0060005564,Last to Die,James Grippando
0028603869,Vegetarian Times : Vegetarian Beginner's Guide,Editors of Vegetarians Times
0060175656,Children Are From Heaven,John Gray
0060153393,The knight in history,Frances Gies
006016445X,They All Laughed...: From the Light Bulbs to Lasers : The Fascinating Stories Behind the Great Inventions That Have Changed Our Lives,Ira Flatow
0060165588,Crossings: A White Man's Journey into Black America,Walt Harrington
0060008725,Tishomingo Blues: A Novel,Elmore Leonard
0028610415,The Complete Idiot's Guide to Trouble-Free Car Care (First Edition),Dan Ramsey
006016767X,Sacred Clowns,Tony Hillerman
0060162724,Any Woman's Blues,Erica Jong
0060006641,"On Writing Well, 25th Anniversary : The Classic Guide to Writing Nonfiction (On Writing Well)",William Zinsser
0006383777,Sex and Dating: The Official Politically Correct Guide,Henry Beard
0060176660,Dirt: A Novel,Stuart Woods
0060162546,"Small Victories: The Real World of a Teacher, Her Students and Their High School",Samuel G. Freedman
0028618874,Webster's New World Pocket Dictionary,Webster
0028621573,Webster's New World Pocket Style Guide,John A.  Haslem
0029356504,Medieval Philosophy : From St. Augustine To Nicholas Of Cusa,John F. Wippel
0020700105,SPOON RIVER ANTHOLOGY,Edgar Lee Masters
0060179252,New York Dead,Stuart Woods
0007164076,Indoor Plants (Collins Practical Gardener S.),Lia Leendertz
0002555565,Backwards out of the big world: A voyage into Portugal,Paul Hyland
002011690X,Complete How-To Book of Indiancraft: 68 Projects for Authentic Indian Articles,W. Ben  Hunt
0020486200,Whodunit,Benvenuti
0004588010,Collins Gem Wild Flowers (Collins Gems),Marjorie Blamey
0030474868,Sci-Fi: A Yellowthread Street Mystery (Rinehart Suspense Novel),William Leonard Marshall
0007116993,"A Woman's Guide to the Earth Traditions: Exploring Wicca, Shamanism, Paganism, Native America and Celtic Spiritual",Vivianne Crowley
000710698X,"Pagan Pathways, New Edition",Charlotte Hardman
0007102216,5 Easy Steps to Becoming a Witch,Gilly Sergiev
0007103360,Druidry,Emma Restall Orr
0007103352,Wicca,Vivianne Crowley
000710331X,Tarot,Evelyne Donaldson
0001845039,The Moon of Gomrath,Alan Garner
0020407009,Titters: The first collection of humor by women,Deanne Stillman
0029638607,Berlitz German for Travellers,Berlitz Publishing
0030597838,Who is Simon Warwick,Patricia Moyes
0027916405,Twenty Thousand Leagues under the Sea,Jules Verne
0026305909,LOST AND FOUND,Joanna Wissinger
0060009292,My Stroke of Luck,Kirk Douglas
0002258560,Is Shane MacGowan Still Alive?,Tim Bradford
0020188706,The Mustache,Emmanuel Carrere
0006544959,Growing rich,Fay Weldon
0020819706,"Using Calligraphy: A Workbook of Alphabets, Projects, and Techniques",Margaret Shepherd
0060081635,The Last of the Honky-tonk Angels : A Novel,Marsha Moyer
0028634764,"Frommer's 2000 London from $85 a Day: The Ultimate Guide to Comfortable Low-Cost Travel (Frommer's London from $.. a Day, 2000)",Harriot Lane Fox
0028604997,Frommer's 96: Mexico (Frommer's Comprehensive Travel Guides),Marita Adair
0030617332,"You Give Great Meeting, Sid (A Doonesbury book / by G.B. Trudeau)",G. B. Trudeau
0007128576,The Fetch of Mardy Watt,Charles Butler
0006271197,Anna's Book,Anna
0060129484,Collected Poems: Edna St. Vincent Millay,Edna St Vincent Millay
006017367X,"The Wit &amp; Wisdom of Oscar Wilde: A Treasury of Quotations, Anecdotes, and Repartee",Oscar Wilde
0006726143,Dragon Days,Willis Hall
0006940889,My Teacher Flunked the Planet,Bruce Coville
0002197154,The wild flowers of Britain and northern Europe,Richard Sidney Richmond Fitter
0006497993,WHISPERS OF BETRAYAL,Michael Dobbs
0002154900,Anna and the Black Knight,Fynn
0060096098,"The Princess Diaries, Volume IV: Princess in Waiting (Princess Diaries)",Meg Cabot
0027824500,Gila Monsters Meet You At the Airport,Marjorie Weinman Sharmat
0020296703,Baseball Trade Register,Joseph L. Reichler
0020088248,The Man in the Queue,Josephine Tey
0006531407,"The Sas Survival Handbook: How to Survive in the Wild, in Any Climate, on Land or at Sea",John Wiseman
0020434804,The Mystery of Drear House: The Conclusion of the Dies Drear Chronicle,Virginia Hamilton
0060109955,The Lamb's War: A Novel,Jan De Hartog
0060157763,"Our Kind: Who We Are, Where We Came From, Where Are We Going",Marvin Harris
002325291X,Macmillan Guide to Writing Research Papers,William Coyle
0060006293,Home to Harmony,Philip Gulley
0060006323,Just Shy of Harmony (Harmony),Philip Gulley
0060006285,For Everything a Season: Simple Musings on Living Well,Philip Gulley
0028608127,The Macmillan World Atlas (Serial),Literary Guild
0028610407,The Complete Idiot's Guide to Learning Spanish on Your Own (Complete Idiot's Guides),Gail Stein
0004725042,Scottish Surnames,David Dorward
0028619471,The Complete Idiot's Guide to Genealogy (Complete Idiot's Guide to...),Christine Rose
0020811608,Genealogist's Encyclopedia,Leslie G. Pine
0020838506,The Cost of Discipleship.,Dietrich Bonhoeffer
0020264801,ETHAN FROME,Edith Wharton
0028642082,The Complete Idiot's Guide(R) to World Religions (2nd Edition),Brandon Toropov
0028641671,The Complete Idiot's Guide to Football (2nd Edition),Joe Theismann
0027436292,King of the Wind : The Story of the Godolphin Arabian,Marguerite Henry
000647425X,Footprints: The True Story Behind the Poem That Inspired Millions,Margaret Fishback Powers
0060177764,Heat,Stuart Woods
0060087439,Shattered Love: A Memoir,Richard Chamberlain
0028635868,The Complete Idiot's Guide to Decoding Your Genes,Linda Tagliaferro
0006380263,Perfection of the Morning an Apprentices,Sharon Butala
0060177640,The Dancing Floor,Barbara Michaels
0030000920,Dead men don't ski (An Inspector Henry Tibbett mystery),Patricia Moyes
0060174803,The 2000 Year Old Man in the Year 2000 : The Book,Mel Brooks
0030491916,And That's My Final Offer! (His A Doonesbury book),G.B. Trudeau
0060087374,Green Girls : A Novel of Suspense,Michael Kimball
0007144172,British Battles,Getmapping
0004704932,Collins Gem Fossils (Collins Gems),David Martill
0002176181,Arthur C. Clarke's chronicles of the strange and mysterious,John Fairley
0002558661,Expression of the Emotions In Man and Anim,Charles Darwin
0001953877,Collins guide to dinosaurs,David Lambert
0030000726,Doonesbury Dossier: The Reagan Years,G. B. Trudeau
0028610741,Sat Power (Cambridge Review),Cambridge University Press
0028623908,The Complete Idiot's Guide to Dinosaurs (Complete Idiot's Guides),Jay Stevenson
0020429819,The Macmillan Illustrated Encyclopedia of Dinosaurs and Prehistoric Animals: A Visual Who's Who of Prehistoric Life,Dougal Dixon
0007122861,Dinosaurs (Collins Wild Guide S.),Adam Yates
0025729853,Mammoths,Adrian Lister
006015425X,Illywhacker,Peter Carey
0023728213,Foundations of Earth Science,Frederick K. Lutgens
0007127936,The Dinosaur Hunters: A True Story of Scientific Rivalry and the Discovery of the Prehistoric World,Deborah Cadbury
0006379702,"My \Star Trek\"" Memories""",William Shatner
0060173858,Nathan's Run: A Novel,John Gilstrap
0020427018,The City of Gold and Lead,John Christopher
0020427115,The White Mountains (Tripods (Library)),John Christopher
0060167807,Feather Crowns: A Novel,Bobbie Ann Mason
0030686784,The radish day jubilee,Sheilah B Bruce
0060004606,Dark End of the Street,Ace Atkins
0023381205,"Great Gatsby, The",F. Scott Fitzgerald
0060176229,Faith,Len Deighton
0006742947,The Owl Service,Alan Garner
0006512143,Suicide Intended,David Williams
0028624491,Weight Watchers&amp;reg; New Complete Cookbook (Weight Watchers),Weight Watchers
0006385648,Hells Angels at War: The Alarming Story Behind the Headlines,Yves Lavigne
0002259877,"Lust, Or, No Harm Done",Geoff Ryman
0030560632,Gravedigger,Joseph Hansen
0027118401,The WOLF,Margaret Barbalet
0027153800,The Man Who Could Call Down Owls,Eve Bunting
0001056107,Farmer Giles of Ham: And Other Stories,J. R. R. Tolkien
0030586240,The Anti-Coloring Book for Adults Only,Susan Striker
0020093616,The NEW COMICS,Bob Callahan
0027859002,The changing maze,Zilpha Keatley Snyder
0030491967,"He's Never Heard of You, Either (A Doonesbury book)",G. B. Trudeau
003049186X,"A Tad Overweight, but Violet Eyes to Die for (A Doonesbury book)",G.B. Trudeau
0060133562,The Bell Jar,Sylvia Plath
0060103655,Exorcist,William Peter Blatty
0060127007,The Past That Would Not Die.,"Walter, Lord"
0004125576,"Collins Artist's Manual: The Complete Guide to Painting and Drawing, Materials and Techniques",Angela Gair
0060161612,When Do Fish Sleep: And Other Imponderables of Everyday Life,David Feldman
0002251000,NBA: The Official Fan's Guide,Mark Vancil
0060168005,"How to Live Between Office Visits: A Guide to Life, Love and Health","Bernie S., M.D. Siegel"
0026045702,Joy of Cooking,Irma S. Rombauer
0028604792,Baedeker: Scotland (1st ed),Printing
0060177209,Dolly: My Life and Other Unfinished Business,Dolly Parton
0002118580,Audacity to believe,Sheila Cassidy
006009298X,Temptation of a Proper Governess,Cathy Maxwell
0060098120,The Sweetest Sin,Mary Reed McCall
0060004622,Dirty South,Ace Atkins
006001427X,Demon Witch : Book II: The Ravenscliff Series (Ravenscliff Series),Geoffrey Huntington
0060173963,The Angel on the Roof: The Stories of Russell Banks,Russell Banks
0060097701,The Crimson Lady,Mary Reed McCall
0060012900,Windfallen,Jojo Moyes
006000147X,Cherokee Warriors: The Loner,Genell Dellin
0060012811,Patrick,Stephen R. Lawhead
0060008121,Into Temptation,Kathryn Smith
0060087358,"This Time Love : A Classic Love Story (Lowell, Elizabeth)",Elizabeth Lowell
0060082895,Captured Innocence (Avon Romantic Treasure),Susan Sizemore
0060011483,The Chocolate Ship,Marissa Monteilh
006001220X,Josephine and the Soldier (An Avon True Romance),Beverly Jenkins
0060089288,All I Want Is Forever,Lynn Emery
0060001461,Cherokee Warriors: The Lover (Cherokee Warriors),Genell Dellin
006000441X,The Death Artist : A Novel of Suspense,Jonathan Santlofer
0060149906,Cinnamon Skin (The Travis McGee series),John D. MacDonald
0060002700,The Rose and the Shield,Sara Bennett
0028621565,Webster's New World Dictionary of Quotations (Webster's New World),Auriel Douglas
0020199031,"KARA, THE LONELY FALCON",Joseph F. Girzone
0060014253,"Sorcerers of the Nightwing (The Ravenscliff Series, Book 1)",Geoffrey Huntington
0060008245,Running Scared,Elizabeth Lowell
0020583516,Power Yoga : The Total Strength and Flexibility Workout,Beryl Bender Birch
0060002697,The Lily and the Sword (Avon Romance),Sara Bennett
0060183896,Who's Afraid of Virginia Ham?,Phyllis C. Richman
0060153180,In Love and War: The Story of a Family's Ordeal and Sacrifice During the Vietnam Years,Jim Stockdale
0002251485,Love Isn't Easy (Passionate Peanuts),Charles M. Schulz
006001430X,"The Bully, the Bullied, and the Bystander : From Preschool to High School--How Parents and Teachers Can Help Break the Cycle of Violence",Barbara Coloroso
0028740173,EMOTIONAL LIFE OF THE TODDLER,Alicia F. Lieberman
0004704746,Complete Works of William Shakespeare: The Alexander Text (Collins Classics),William Shakespeare
0030538173,Holt Biology Visualizing Life,George B. Johnson
0060175273,Flower Net,Lisa See
0028614518,The Elements of Editing,Arthur Plotnik
0006371248,VERY POSY,Posy Simmonds
0028622480,The First-Book Market: Where and How to Publish Your First Book and Make It a Success,Jason Shinder
0007105665,Backwards,Rob Grant
0060177624,Power Thoughts: Achieve Your True Potential Through Power Thinking,Robert Schuller
0024040908,Statistics Without Tears: A Primer for Non Mathematicians,Derek Rowntree
0044421931,Inventing the future,David T Suzuki
0060177594,Let Us Prey,Bill Branon
0030706998,The Eleven Million Mile High Dancer,Carol Hill
0030621984,Beauty and the Beast,Ed McBain
0028614496,The Elements of Grammar,Margaret Shertzer
0030624142,The Tale of the Dark Crystal,Donna Bass
0060161833,The 8-Week Cholesterol Cure: How to Lower Your Blood Cholesterol by Up Tp 40 Percent Without Drugs or Deprivation,Robert E. Kowalski
0060179562,A Wild Justice: A Novel,Craig Thomas
0003300277,"Cascades - \Fahrenheit 451\"" (Collins Cascades)""",Ray Bradbury
0020778201,The Angry Book,Theodore Isaac Rubin
0007103867,Synchronicity,Deike Begg
0028629043,The Complete Idiot's Guide to Being Psychic,Lynn Robinson
0060129735,Blindfold,Antony Melville-Ross
0028628594,"The Complete Idiot's Travel Guide to Washington, D.C. (Complete Idiot's Travel Guide to Washington D.C., 1st ed)",Beth Rubin
0028626354,"Frommer's New York City With Kids, 6th Edition",Holly Hughs
0030009995,Financing Your Film: A Guide for Independent Filmmakers and Producers,Trisha Curran
0001952803,God bless love: A collection of children's sayings,Nanette Newman
003004068X,Personal Style,James Wagenvoord
0030773253,Great Political Thinkers: Plato to the Present,William Ebenstein
002864896X,Dead Reckonings: The Life and Times of the Grateful Dead,John Rocco
0028653343,The Beastie Boys Companion: 2 Decades of Commentary,John Rocco
0060090626,The Schooling of Claybird Catts,Janis Owens
0030000831,Loving Each Other: The Challenge of Human Relationships,Leo Buscaglia
002863196X,Complete Idiot's Guide to Getting Your Romance Published,Julie Beard
0060175826,What Men Want: Three Professional Single Men Reveal What It Takes to Make a Man Yours,Bradley Gerstman
0006552390,The Kindest Use a Knife,Vanessa Jones
0020264852,Roman Fever and Other Stories,Edith Wharton
0060158654,365 Ways to Cook Pasta,Marie Simmons
0027111008,The Pain and the Great One (Richard Jackson Books (Atheneum Hardcover)),Judy Blume
0006171982,Sharpes Honor,Bernard Cornwell
006018292X,Render Up the Body: A Novel of Suspense,Marianne Wesson
003003678x,Nostradamus,Jean Charles De Fontbrune
0026128101,SPANDAU,Albert Speer
0028604954,The Unofficial Guide to Cruises (Unofficial Guides),Kay Showker
0030477166,Ghosts,Philip Makanna
0060106387,Do-It-Yourself Gunsmithing,Jim. Carmichel
0030617324,"The Wreck of the \Rusty Nail\"" (A Doonesbury book by G. B. Trudeau)""",G.B. Trudeau
0026205408,The Samurai: A Military History,Stephen R. Turnbull
0030491762,But the Pension Fund Was Just Sitting There (A Doonesbury Book),G. B. Trudeau
0030617316,"Unfortunately, She Was Also Wired for Sound (A Doonesbury book / by G.B. Trudeau)",G. B. Trudeau
0030616565,On with the Shoe!,Jeff MacNelly
003091356x,"Still a Few Bugs in the System, (His A Doonesbury book)","G. B., Trudeau"
0030085373,"That's Doctor Sinatra, You Little Bimbo! (A Doonesbury book / by G.B. Trudeau)",G.B. Trudeau
0030616573,A Shoe for All Seasons,Jeff MacNelly
0030597889,In Search of Reagan's Brain (Doonesbury Book / By G.B. Trudeau),Gary Trudeau
003049186x,"A Tad Overweight, but Violet Eyes to Die for (A Doonesbury book)",G.B. Trudeau
0030138663,"Dare to Be Great, Ms. Caucus (A Doonesbury book)",G. B. Trudeau
0030491819,We're Not Out of the Woods Yet (Doonesbury Book),G. B. Trudeau
0030149010,Wouldn't a Gremlin Have Been More Sensible? (A Doonesbury book),"G. B., Trudeau"
0030172217,"\Speaking of Inalienable Rights, Amy ...\"" (A Doonesbury book)""","G. B., Trudeau"
0001053736,Sir Gawain and the Green Knight,J. R. R. Tolkien
0001053744,Pearl and Sir Orfeo,J. R. R. Tolkien
003079790X,"Nathaniel Hawthorne: Selected Tales and Sketches (Rinehart editions, 33)",Nathaniel Hawthorne
0060012560,Two Plays for Voices CD,Neil Gaiman
0030494702,The Teaching of Reverence for Life.,"Albert, Schweitzer"
0023061316,"Finite Mathematics for Business, Economics, Life Sciences, and Social Sciences",Raymond A. Barnett
0002233509,Darcys Utopia,Fay Weldon
0028636279,Frommer's Canada,Shawn Blore
0004723708,Mythology (Collins Gem),C. M. Braysher
0023895306,Nicomachean Ethics : Aristotle,Martin Ostwald
0006131409,The Trojan horse,Hammond Innes
0029353017,Unit 731: Japan's Secret Biological Warfare in World War II,Peter Williams
0020016700,How to Build and Furnish a Log Cabin,W. Ben  Hunt
0025606115,Pete Rose: My Story,Pete Rose
0030056292,Six Letter Word for Death,Patricia Moyes
003005608X,Coconut Killings,Patricia Moyes
0030635438,Death and the Dutch uncle (An Inspector Henry Tibbett mystery),Patricia Moyes
0060173521,"Zen Physics: The Science of Death, the Logic of Reincarnation",David J. Darling
0060163275,Mortal remains: A true story of ritual murder,Henry Scammell
0060179635,Santa Fe Rules,Stuart Woods
0060177144,L.A. Times,Stuart Woods
0060177152,Dead Eyes,Stuart Woods
0002228394,How to Shoot an Amateur Naturalist,Gerald Durrell
0002255014,"Leaning, leaning over water: A novel in ten stories",Frances Itani
0006366023,Drawing On the Right Side of the Brain,Betty Edwards
0060164522,Fruit Desserts: Delectable Seasonal Sweets,Lisa Yockelson
000651202x,A Small Death in Lisbon,Robert Wilson
0028608364,Jimi Hendrix: The Ultimate Experience,Adrian Boot
0002184974,Nigel Mansell My Autobiography,Nigel Mansell
0028702514,Rock: An Illustrated History,Stephen Barnard
0060183020,The Late Night Muse,Bette Pesetsky
0007118465,Peacocks Dancing,Sharon Maas
003008539X,Three With a Bullet,Arthur Lyons
002097292X,I Love Washington Guide,Marilyn J. Appleberg
0060154098,On writing well: An informal guide to writing nonfiction,William Knowlton Zinsser
0006384854,The Debt-Free Graduate: How to Survive College or University Without Going Broke,Murray Baker
0060172665,Best Slow Cooker Cookbook Ever: Versatility and Inspiration for New Generation Machines,Natalie Haughton
0020209851,Not Without Laughter,Langston Hughes
0002181924,The Illustrated Brontes of Haworth: Scenes and Characters from the Lives and Writings of the Bronte Sisters (Willow Books),Brian Wilks
0030452457,Girl With a Pen: Charlotte Bronte,Elisabeth Kyle
0060009667,Tidal Rip,Joe Buff
0025845403,TALES OF THE SOUTH PACIFIC (Hudson River Editions),James A. Michener
002711080X,Tiger Eyes,Judy Blume
0027110559,The One in the Middle Is the Green Kangaroo,Judy Blume
0027110400,Iggie's House,Judy Blume
0030547032,The Pigman: With Connections,Paul Zindel
0060171723,Wit and Wisdom of Benjamin Franklin: A Treasury of More Than 900 Quotations and Anecdotes,James C. Humes
0060160799,The Crown of Columbus,Michael Dorris
0027887901,Benjamin Franklin: An Autobiographical Portrait,Benjamin Franklin
0006279945,Poems: Emily Bronte (Fount Classics),Emily Bronte
0027147509,A Peculiar Music,Emily Bronte
0027136809,Louly,Carol Ryrie Brink
0027136701,Caddie Woodlawn,Carol Ryrie Brink
0060172223,Cosette: The Sequel to Les Miserables,Laura Kalpakian
0030586461,"They shoot canoes, don't they?",Patrick F McManus
0002179695,A Day in the Life of the Soviet Union,Rick Smolan
000711737X,Peacocks Dancing,Sharon Maas
0060002484,Amazonia,James Rollins
0006928323,A Figure in Hiding (The Hardy Boys),Franklin W. Dixon
000225929X,MARBLE HEART,Gretta Mulrooney
0023635703,Deficit Politics: Public Budgeting in Its Institutional and Historical Context (New Topics in Politics),Donald F. Kettl
0027183505,"POOL OF FIRE, THE",John Christopher
0002176432,The Financial post selects the 100 best companies to work for in Canada,Eva Innes
0024967602,Carry-Along Crochet,Leslie Linsley
0060165170,Writings from the New Yorker: 1927-1976,E. B White
0060171154,Beastly Tales from Here and There,Vikram Seth
006017319X,"One-Pot Vegetarian Dishes (One-Pot Sunday Suppers Series , No 2)",Amy Cotler
0004708105,Clans &amp; Tartans (Collins Pocket Reference S.),George Way
0006176747,Medusa,Hammond Innes
0002252341,The British ambassador,Michael Shea
0025444506,LEAHS CHILDREN,Gloria Goldreich
0060177756,Imperfect Strangers,Stuart Woods
0030686792,Red and the Pumpkins,Jocelyn Stevenson
0060081600,The Night Before Christmas (rpkg),Clement C. Moore
0060005688,The Paradox of Choice: Why More Is Less,Barry Schwartz
0060160128,The Phantom of the Opera: Pop-Up Book,Frank Van Der Meer
0006380921,The Kenneth Williams letters,Kenneth Williams
0028620283,Betty Crocker's New Choices Cookbook: More Than 500 Great Tasting Easy Recipes for Eating Right (Betty Crocker Home Library),Betty Crocker
0002240114,The Dixon Cornbelt League and other baseball stories,W. P Kinsella
0048270202,Quote...unquote,Nigel Rees
0001944711,Count Duckula: Vampire Vacation,Maureen Spurgeon
0027110206,DEENIE,Judy Blume
006000746X,Christmas in Canaan,Kenny Rogers
0060170913,The Best Covered and Kettle Grills Cookbook Ever,Melanie Barnard
0004724097,"Collins Gem Portuguese Dictionary English-Portuguese, Portuguese-English",Harper Collins
0004702816,Bible Guide (Collins Gem),Raymond Brown
0004720164,Patience Card Games (Collins Gem),Diagram Group
0030325935,Write in Time: Essay Exam Strategies,Jeanne Campanelli
0006365744,Women in Australian politics (Fontana paperbacks),Jocelyn Clarke
0007119070,The Buddhist Path to Simplicity: Spiritual Practice for Everyday Life,Christina Feldman
0041490517,Yoga Week by Week,Selvarajan Yesudian
0060155027,The World: An Illustrated History,Geoffrey Parker
0043720455,Outrageous fortune,Susan Kelly
0060183217,Food: Your Miracle Medicine : How Food Can Prevent and Cure over 100 Symptoms and Problems,Jean Carper
0030803012,The Isthmus Zapotecs;: Women's roles in cultural context (Case studies in cultural anthropology),Beverly ChiÃ±as
0020413904,RAGGED DICK AND MARK THE MATCH BOY,Horatio Alger
0060110740,The Flight of the Dragons,Peter Dickinson
0028981294,The three bears (A Read along with me book),Cindy West
0028615689,Frommer's America's Best-Loved Driving Tours,Automobile Association
0060160101,The New York Times Cook Book,Craig Claiborne
0060155396,365 Ways to Cook Chicken,Cheryl Sedeker
0060166517,"The Cooking of the Eastern Mediterranean: 215 Healthy, Vibrant, and Inspired Recipes",Paula Wolfert
0028603923,Weight Watchers Success Every Day,Weight Watchers
002898238X,The Elephant's Child (Read Along with Me Book),Lisa Meltzer
0026890712,Space Jokes and Riddles,Jeffrey Nelsen
0007176023,Beyond the Kama Sutra,Eleanor McKenzie
0044405294,"Troika (Indigo, Book 5)",Louise Cooper
0060176962,Hope,Len Deighton
0029166764,Bad Blood Tuskegee Syphilis Experiment,James H. Jones
0029021006,Eighteenth-Century Philosophy (Readings in the History of Philosophy),Lewis White Beck
0028025008,The Pipe Fiter's and Pipe Welder's Handbook,Thomas W. Frankland
0024206202,"Erasmus : Ten Colloquies (Library of Liberal Arts,)",Craig R. Thompson
0024096903,Mill : On Liberty (The Library of Liberal Arts),Currin V. Shields
0027627403,The Box of Delights: When the Wolves Were Running,John Masefield
0004356373,The Complete Works,William Shakespeare
0060104910,The Chaneysville Incident: A Novel,David Bradley
0020248717,Way Station (A Collier Nucleus Science Fiction Classics),Clifford D. Simak
0027826902,Who Wants a Cheap Rhinoceros?,Shel Silverstein
0060185295,"The Goodbye Summer : A Novel (Gaffney, Patricia)",Patricia Gaffney
0030061091,A regency lady's faery bower,Amelia Jane Murray
0024096229,Psychology,Kelly G. Shaver
0030441668,An American Rhetoric,William Whyte Watt
0006370039,Scotland's Story,Tom Steel
0028640055,The Complete Idiot's Guide to Reinventing Yourself,Jeffrey P. Davidson
0028642422,The Complete Idiot's Guide to Theories of the Universe,Gary Moring
0028604067,Zoo Animals: A Smithsonian Guide (Smithsonian Guides),Michael H. Robinson
000764065X,India: Belief and Ritual the Gods and Cosmos Meditation and Yogic Arts,Richard Waterstone
0006384684,Shaka's Children: A History of the Zulu People,Stephen Taylor
0060165413,Mirage: A Novel,Pauline Gedge
000433549X,Collins Spurrell Welsh Dictionary,Henry Lewis
0060176911,The Sephardic Kitchen: The Healthy Food and Rich Culture of the Mediterranean Jews,Robert Sternberg
0002325780,Accident by Design,J. M. Gregson
0006175317,The Claws of the Gryphon,Peter Turnbull
0020103514,The Afternoon Tea Book,Michael  Smith
0060157917,Marriage and the Family in the Middle Ages,Frances &amp; Joseph Gies
0025876007,GREEN DRAGON WHITE TIGER,Annette Motley
0060166541,A Medieval Home Companion: Housekeeping in the Fourteenth Century,Tania Bayard
0027345459,Macmillan Children's Guide to Endangered Animals,Roger Few
0030018897,"\B\"" is for burglar (A Kinsey Millhone mystery)""",Sue Grafton
0060179112,Palindrome,Stuart Woods
0030567769,Recreation and leisure programming: A guide for the professional (Saunders series in recreation),Christopher R Edginton
0030748828,Modern Biology Student Edition,A. Towle
0028638395,Frommer's Ireland's Best-Loved Driving Tours,Susan  Poole
0060170395,Speed Tribes: Days and Nights With Japan's Next Generation,Karl Taro Greenfield
0026258102,Recoveries: A poem,Theodore Russell Weiss
0020715609,SELECTED POEMS AND THREE PLAYS OF WILLIAM BUTLER YEATS,William Butler Yeats
0020197802,ALONE AGAINST TOMORROW,Nancy Ellison
0060011416,Lab 257 : The Disturbing Story of the Government's Secret Plum Island Germ Laboratory,Michael C. Carroll
0020009607,Collectors' Guide to Nineteenth-Century Photographs,William B. Welling
0020182104,T Zero,Italo Calvino
0030790980,Business Communications Principles and Processes,Cullinan
0030259649,Contemporary Mathematics for Business and Consumers,Robert A. Brechner
000715111X,The Real Witches Book of Spells and Rituals (Real Witches),Kate West
0002005557,A Blade of Grass,Lewis Desoto
0001055607,Cereus Blooms At Night,Shani Mootoo
0060158735,Greater Nowheres: A Journey Through the Australian Bush,Dave Finkelstein
0060093579,Wildfire at Midnight,Mary Stewart
0020780605,TO LOVE AND BE WISE,Josephine Tey
0060090405,Crocodile Soup : A Novel,Julia Darling
0006514952,Of Marriageable Age,Sharon Maas
0006498493,Rogue Lion Safaris,Simon Barnes
0060095245,Modern Classics (Book 1),Donna Hay
0020427751,"BAYSIDE MADNESS (SAVED BY THE BELL) #1 (Saved By the Bell, No 1)",Beth Cruise
002363880X,Men's Lives,Michael S. Kimmel
0029095026,Adventures of Amos 'N' Andy: A Social History of an American Phenomenon,Melvin Patrick Ely
0006550061,Splitting,Fay Weldon
0023582901,Complete Poems and Major Prose: Milton,John Milton
0060006897,Dirty Havana Trilogy : A Novel in Stories,Pedro Juan Gutierrez
0029356032,The CORPORATE CLOSET THE PROFESSIONAL LIVES OF GAY MEN IN AMERICA,Janet Woods
0060113413,In the Frame,Dick Francis
0060113073,High Stakes,Dick Francis
0060132833,With malice toward none: The life of Abraham Lincoln,Stephen B Oates
0060173378,Buster Keaton: Cut to the Chase,Marion Meade
0028617452,The Complete Idiot's Guide to Project Management (Complete Idiot's Guide),Sunny Baker
0060086637,Barracuda 945,Patrick Robinson
0060156309,"Cats, cats, cats: A collection of great cat cartoons",Sam Gross
0060174986,Love Beyond Life: The Healing Power of After-Death Communications,Joel Martin
0028627377,The Complete Idiot's Guide to Tarot and Fortune-Telling,Arlene Tognetti
0002000547,"Fatal Passage: The Untold Story of John Rae, the Arctic Adventurer Who Discovered the Fate of Franklin",Kenneth McGoogan
0028612922,Flight of the Reindeer : The True Story of Santa Claus and his Christmas Mission,Robert  Sullivan
0002245728,Freedom's Just Another Word,Dakota Hamilton
0028641736,Macmillian Teach Yourself French in 24 Hours,William Griffin
002028361X,Deathbird Stories (Collier nucleus fantasy &amp; science fiction),Harlan Ellison
0025074857,Pasta Verde,Judith Barrett
000225056X,The International Garlic Cookbook,Publishers Staf Collins
0030579899,Modern Chemistry (Holt Modern Chemistry Program),Metcalfe
0060111135,Strange wine: Fifteen new stories from the nightside of the world,Harlan Ellison
0060082968,"Thief of Time, A  Low Price",Tony Hillerman
0026024306,Monuments and Masterpieces: Histories and Views of Public Sculpture in New York City,Donald Martin Reynolds
0002250810,Santa Speaks: The Wit and Wisdom of Santas Across the Nation,Michael Patrick Collins
0060165766,Timelock: How Life Got So Hectic and What You Can Do About It,Ralph Keyes
0030574692,Editing,R. Thomas Berner
0002115328,Mother Teresa: Her people and her work,Desmond Doig
0006363113,Queen of Shaba: The Story of an African Leopard,Joy Adamson
0002551195,A Day in the Life of Israel,David Elliot Cohen
0028810384,"Inside Japan's Defense: Technology, Economics &amp; Strategy",Michael W. Chinworth
0060156961,Guillaume Chequespierre and the Oise Salon: An Anthology,John Hulme
0025953621,ALL AMERICAN BOY,Scott Peck
0060167718,Journals Mid-Fifties 1954-1958: Allen Ginsberg ; Edited by Gordon Ball,Allen Ginsberg
0020426801,Guardians,John Christopher
0020315902,Eye in the Sky,Philip K. Dick
0060106263,"Books and the Teenage Reader: A Guide for Parents, Teachers and Librarians.",G. Robert Carlsen
0020720203,SIX GREAT IDEAS,Mortimer J. Adler
0020223412,The Best Short Stories: 25 Stories from America's Foremost Humorist,Ring Lardner
0028629051,The Complete Idiot's Guide to Shakespeare,Laurie Rozakis
0028621905,Arco How to Write Articles for Newspapers and Magazines (Arco's Concise Writing Guides),Dawn B. Sova
0029064414,Anthropology For The Nineties,Johnnetta B. Cole
0030897432,Basic economics,Edwin G Dolan
0028630912,Frommer's Portable the Big Island of Hawaii,Jeanette Foster
0020322208,The Art of Eating,M. F. K.  Fisher
0027757315,I HAD A CAT,Thomas Reeves
0007100108,"The Squirrel, the Hare and the Little Grey Rabbit (The Tales of Little Grey Rabbit)",Alison Uttley
0023886854,Managing Planned Change,Paul C. Nutt
0060148993,The Magic of Obelisks,Peter Tompkins
0020795904,HOW TO SPEAK HOW TO LISTEN,Curtis Adler
006016591X,The New Individualists: The Generation After the Organization Man,Paul Leinberger
0060114193,Autumn of the Patriarch,Gabriel Garcia Marquez
0060156813,Practical Intelligence: Working Smarter in Business and Everyday Life,Roger Peters
0006384722,Last Flesh: Life in the Transhuman Era,Christopher Dewdney
0020198841,LEE: AN ABRIDGEMENT,Douglas Southall Freeman
0007107900,"street bible, the",Robert Lacey
0027426459,Jalapeno Hal,Jo Harper
0027434850,Dad'S Dinosaur Day,Diane  Dawson Hearn
0028639960,Ten Minute Guide to Conducting a Job Interview,William W. Larson
0020444400,The voyage of the Dawn Treader (The Chronicles of Narnia),C. S Lewis
0020444206,The Silver Chair (Chronicles of Narnia (Paperback McMillian)),C. S. Lewis
003008685X,Pioneers,James Fenimore Cooper
0006542808,Silence of the Sirens,Adel Garcia Morales
0060176555,Homebody,Orson Scott Card
0007139411,The Crash of Hennington,Patrick Ness
0028630106,Get in Shape the Lazy Way (Macmillan Lifestyles Guide),Annette Cain
000673765X,Apple Bough,Noel Streatfeild
0002317141,Counterstroke,Andrew Garve
0028616375,Frommer's France '98,Darwin Porter
0004720695,Irish Dancing (Collins Pocket Reference),Tom Quinn
0028616367,Frommer's China: The 50 Most Memorable Trips,J. D. Brown
0000913154,The Way Things Work: An Illustrated Encyclopedia of Technology,C. van Amerongen (translator)
0006547486,The Blessings Of A Good Thick Skirt: Women Travellers and Their World,Mary Russell
0020259913,The EMPIRE OF THE ATOM (Collier Nucleus Science Fiction Classic),Vogt Van vogt
0020648200,Homesteading,Patricia Crawford
0023060956,Techniques for Technical Communicators,Carol M. Barnum
0060125616,Orsinian tales,Ursula K Le Guin
0030605601,Snoopy and the Red Baron,C. M. Schulz
0030615534,Friday,Robert A. Heinlein
0030812690,"Aleuts, Survivors of the Bering Land Bridge (Case Studies in Cultural Anthropology)",William S. Laughlin
0006492126,"A Day in the Life of Ireland: Photographed by 75 of the World's Leading Photojournalists on One Day, May 17, 1991 (Day in the Life)",Collins Publishers
0028629019,Frommer's Costa Rica 2000,Arthur Frommer
0002554283,Organization 2000: The Essential Guide for Companies and Teams in the New Economy,Leslie Bendaly
0020296800,BORDERS FOR CALLIGRAPHY,Margaret Elward
0020299605,Capitals for Calligraphy: A Sourcebook of Decorative Letters,Margaret Shepherd
0027614204,"Pilot for Spaceship Earth: R. Buckminster Fuller, Architect, Inventor, and Poet",Athena V. Lord
0029227909,THINKING IN TIME (THE USES OF HISTORY FOR DECISION MAKERS),Richard E Neustadt
0030230667,Good thinking: An introduction to logic,Gerald Runkle
0060114142,In Evil Hour,Garbiel Garcia Marquez
0006372899,"Everything You Always Suspected Was True About Advertising: (But Were Too Legal, Decent and Honest to Ask)",Martyn Forrester
0029250617,SECRECY AND POWER,Richard Gid Powers
003018682X,"An Introduction To Language, 6e",Victoria Fromkin
0026284901,Cat Talk: What Your Cat Is Trying to Tell You,Carole Wilbourn
0030476119,Earning Money Without a Job,Jay Conrad Levinson
0060148047,On writing well: An informal guide to writing nonfiction,William Knowlton Zinsser
0060169621,365 Great 20-Minute Recipes,Beverly Cox
0030710618,The Big Beauty Book,Glenn Lewis
0001935968,The Brambly Hedge Treasury,Jill Barklem
0048231304,The Father Christmas letters,J. R. R Tolkien
0027359409,"CHICK AND THE DUCKLING, THE",Mirra Ginsburg
0030226767,As the Kid Goes for Broke,"G. B., Trudeau"
0030635527,Frank and Ernest: Batteries Not Included,Bob Thaves
0028632311,The Complete Idiot's Guide Sunken Ships and Treasures (Complete Idiot's Guide),Stephen Johnson
0028633504,Weight Watchers Simply the Best: 250 Prizewinning Family Recipes,Weight Watchers
0027778800,Me and My Kitty,Nicole Rubel
003055487X,A Guide to Drawing,Daniel M. Mendelowitz
0060090421,Martin Quinn : A Novel of Suspense,Anthony Lee
0060168714,Death at LA Fenice: A Novel of Suspense,Donna Leon
002038260X,The Place in Flowers Where Pollen Rests,Paul West
003922063X,Business Communication: Strategies and Skills,Richard Huseman
0020794207,Cassell's Colloquial French: A Handbook of Idiomatic Usage,Michel Levieux
0004133439,Light in Watercolour (Collins Learn to Paint),John Lidzey
0020155506,"Learning Calligraphy: A Book of Lettering, Design and History",Margaret Shepherd
0023795808,Anthology of American literature,George L McMichael
0030899249,Contemporary Jewelry: A Studio Handbook,Philip Morton
0006174841,Glitter Baby,Susan Elizabeth Phillips
